{"xgb_proba": 0.6914728682170542, "vgg16_proba": 0.9850717332299341}